﻿<?xml version="1.0"?>
<doc>
<assembly>
<name>
Sphere_client
</name>
</assembly>
<members>
<member name="T:Sphere_client.My.Resources.Resources">
<summary>
  Класс ресурса со строгой типизацией для поиска локализованных строк и т.д.
</summary>
</member>
<member name="P:Sphere_client.My.Resources.Resources.ResourceManager">
<summary>
  Возвращает кэшированный экземпляр ResourceManager, использованный этим классом.
</summary>
</member>
<member name="P:Sphere_client.My.Resources.Resources.Culture">
<summary>
  Перезаписывает свойство CurrentUICulture текущего потока для всех
  обращений к ресурсу с помощью этого класса ресурса со строгой типизацией.
</summary>
</member>
<member name="P:Sphere_client.My.Resources.Resources.access_1">
<summary>
  Поиск локализованного ресурса типа System.Drawing.Bitmap.
</summary>
</member>
<member name="P:Sphere_client.My.Resources.Resources.button1clicked">
<summary>
  Поиск локализованного ресурса типа System.Drawing.Bitmap.
</summary>
</member>
<member name="P:Sphere_client.My.Resources.Resources.button1notclick">
<summary>
  Поиск локализованного ресурса типа System.Drawing.Bitmap.
</summary>
</member>
<member name="P:Sphere_client.My.Resources.Resources.button2clicked">
<summary>
  Поиск локализованного ресурса типа System.Drawing.Bitmap.
</summary>
</member>
<member name="P:Sphere_client.My.Resources.Resources.button2notclick">
<summary>
  Поиск локализованного ресурса типа System.Drawing.Bitmap.
</summary>
</member>
<member name="P:Sphere_client.My.Resources.Resources.button3clicked">
<summary>
  Поиск локализованного ресурса типа System.Drawing.Bitmap.
</summary>
</member>
<member name="P:Sphere_client.My.Resources.Resources.button3notclick">
<summary>
  Поиск локализованного ресурса типа System.Drawing.Bitmap.
</summary>
</member>
<member name="P:Sphere_client.My.Resources.Resources.dlp1splashmini1">
<summary>
  Поиск локализованного ресурса типа System.Drawing.Bitmap.
</summary>
</member>
<member name="P:Sphere_client.My.Resources.Resources.down_arrow_1">
<summary>
  Поиск локализованного ресурса типа System.Drawing.Bitmap.
</summary>
</member>
<member name="P:Sphere_client.My.Resources.Resources.locked_1">
<summary>
  Поиск локализованного ресурса типа System.Drawing.Bitmap.
</summary>
</member>
<member name="P:Sphere_client.My.Resources.Resources.lockedmini">
<summary>
  Поиск локализованного ресурса типа System.Drawing.Bitmap.
</summary>
</member>
<member name="P:Sphere_client.My.Resources.Resources.monitor_1">
<summary>
  Поиск локализованного ресурса типа System.Drawing.Bitmap.
</summary>
</member>
<member name="P:Sphere_client.My.Resources.Resources.yozuvdlp4">
<summary>
  Поиск локализованного ресурса типа System.Drawing.Bitmap.
</summary>
</member>
</members>
</doc>
