﻿<?xml version="1.0"?>
<doc>
<assembly>
<name>
Sphere_Admin
</name>
</assembly>
<members>
<member name="T:Sphere_Admin.My.Resources.Resources">
<summary>
  Класс ресурса со строгой типизацией для поиска локализованных строк и т.д.
</summary>
</member>
<member name="P:Sphere_Admin.My.Resources.Resources.ResourceManager">
<summary>
  Возвращает кэшированный экземпляр ResourceManager, использованный этим классом.
</summary>
</member>
<member name="P:Sphere_Admin.My.Resources.Resources.Culture">
<summary>
  Перезаписывает свойство CurrentUICulture текущего потока для всех
  обращений к ресурсу с помощью этого класса ресурса со строгой типизацией.
</summary>
</member>
<member name="P:Sphere_Admin.My.Resources.Resources.axauditbutton">
<summary>
  Поиск локализованного ресурса типа System.Drawing.Bitmap.
</summary>
</member>
<member name="P:Sphere_Admin.My.Resources.Resources.buttonclick">
<summary>
  Поиск локализованного ресурса типа System.Drawing.Bitmap.
</summary>
</member>
<member name="P:Sphere_Admin.My.Resources.Resources.chapbutton">
<summary>
  Поиск локализованного ресурса типа System.Drawing.Bitmap.
</summary>
</member>
<member name="P:Sphere_Admin.My.Resources.Resources.deletebutton">
<summary>
  Поиск локализованного ресурса типа System.Drawing.Bitmap.
</summary>
</member>
<member name="P:Sphere_Admin.My.Resources.Resources.desktopbutton">
<summary>
  Поиск локализованного ресурса типа System.Drawing.Bitmap.
</summary>
</member>
<member name="P:Sphere_Admin.My.Resources.Resources.dlp1splashmini">
<summary>
  Поиск локализованного ресурса типа System.Drawing.Bitmap.
</summary>
</member>
<member name="P:Sphere_Admin.My.Resources.Resources.editbutton">
<summary>
  Поиск локализованного ресурса типа System.Drawing.Bitmap.
</summary>
</member>
<member name="P:Sphere_Admin.My.Resources.Resources.foydalanuvchibuttonon">
<summary>
  Поиск локализованного ресурса типа System.Drawing.Bitmap.
</summary>
</member>
<member name="P:Sphere_Admin.My.Resources.Resources.hisobotlarbutton">
<summary>
  Поиск локализованного ресурса типа System.Drawing.Bitmap.
</summary>
</member>
<member name="P:Sphere_Admin.My.Resources.Resources.kursatishbutton">
<summary>
  Поиск локализованного ресурса типа System.Drawing.Bitmap.
</summary>
</member>
<member name="P:Sphere_Admin.My.Resources.Resources.locked_1">
<summary>
  Поиск локализованного ресурса типа System.Drawing.Bitmap.
</summary>
</member>
<member name="P:Sphere_Admin.My.Resources.Resources.lockedmini">
<summary>
  Поиск локализованного ресурса типа System.Drawing.Bitmap.
</summary>
</member>
<member name="P:Sphere_Admin.My.Resources.Resources.logodlp32">
<summary>
  Поиск локализованного ресурса типа System.Drawing.Bitmap.
</summary>
</member>
<member name="P:Sphere_Admin.My.Resources.Resources.logodlptopbar">
<summary>
  Поиск локализованного ресурса типа System.Drawing.Bitmap.
</summary>
</member>
<member name="P:Sphere_Admin.My.Resources.Resources.menuax">
<summary>
  Поиск локализованного ресурса типа System.Drawing.Bitmap.
</summary>
</member>
<member name="P:Sphere_Admin.My.Resources.Resources.menuhisobot">
<summary>
  Поиск локализованного ресурса типа System.Drawing.Bitmap.
</summary>
</member>
<member name="P:Sphere_Admin.My.Resources.Resources.menuishjoyi">
<summary>
  Поиск локализованного ресурса типа System.Drawing.Bitmap.
</summary>
</member>
<member name="P:Sphere_Admin.My.Resources.Resources.menuogohlantirish">
<summary>
  Поиск локализованного ресурса типа System.Drawing.Bitmap.
</summary>
</member>
<member name="P:Sphere_Admin.My.Resources.Resources.menuqidirish">
<summary>
  Поиск локализованного ресурса типа System.Drawing.Bitmap.
</summary>
</member>
<member name="P:Sphere_Admin.My.Resources.Resources.menuqoidalar">
<summary>
  Поиск локализованного ресурса типа System.Drawing.Bitmap.
</summary>
</member>
<member name="P:Sphere_Admin.My.Resources.Resources.menuqurilmalar">
<summary>
  Поиск локализованного ресурса типа System.Drawing.Bitmap.
</summary>
</member>
<member name="P:Sphere_Admin.My.Resources.Resources.menusozlash">
<summary>
  Поиск локализованного ресурса типа System.Drawing.Bitmap.
</summary>
</member>
<member name="P:Sphere_Admin.My.Resources.Resources.menuwebsite">
<summary>
  Поиск локализованного ресурса типа System.Drawing.Bitmap.
</summary>
</member>
<member name="P:Sphere_Admin.My.Resources.Resources.newbutton">
<summary>
  Поиск локализованного ресурса типа System.Drawing.Bitmap.
</summary>
</member>
<member name="P:Sphere_Admin.My.Resources.Resources.Ogohlantirishbutton">
<summary>
  Поиск локализованного ресурса типа System.Drawing.Bitmap.
</summary>
</member>
<member name="P:Sphere_Admin.My.Resources.Resources.ongbutton">
<summary>
  Поиск локализованного ресурса типа System.Drawing.Bitmap.
</summary>
</member>
<member name="P:Sphere_Admin.My.Resources.Resources.qidirishbutton">
<summary>
  Поиск локализованного ресурса типа System.Drawing.Bitmap.
</summary>
</member>
<member name="P:Sphere_Admin.My.Resources.Resources.qoidalarbutton">
<summary>
  Поиск локализованного ресурса типа System.Drawing.Bitmap.
</summary>
</member>
<member name="P:Sphere_Admin.My.Resources.Resources.qurilmabutton">
<summary>
  Поиск локализованного ресурса типа System.Drawing.Bitmap.
</summary>
</member>
<member name="P:Sphere_Admin.My.Resources.Resources.rulesback">
<summary>
  Поиск локализованного ресурса типа System.Drawing.Bitmap.
</summary>
</member>
<member name="P:Sphere_Admin.My.Resources.Resources.saqlashbutton">
<summary>
  Поиск локализованного ресурса типа System.Drawing.Bitmap.
</summary>
</member>
<member name="P:Sphere_Admin.My.Resources.Resources.Sozlashbutton">
<summary>
  Поиск локализованного ресурса типа System.Drawing.Bitmap.
</summary>
</member>
<member name="P:Sphere_Admin.My.Resources.Resources.topbarback">
<summary>
  Поиск локализованного ресурса типа System.Drawing.Bitmap.
</summary>
</member>
<member name="P:Sphere_Admin.My.Resources.Resources.umumiybuttonon">
<summary>
  Поиск локализованного ресурса типа System.Drawing.Bitmap.
</summary>
</member>
<member name="P:Sphere_Admin.My.Resources.Resources.usersback">
<summary>
  Поиск локализованного ресурса типа System.Drawing.Bitmap.
</summary>
</member>
<member name="P:Sphere_Admin.My.Resources.Resources.websitebutton">
<summary>
  Поиск локализованного ресурса типа System.Drawing.Bitmap.
</summary>
</member>
</members>
</doc>
